survey_id,pct_hh_below_3.17,pct_hh_below_3.94,pct_hh_below_4.60,pct_hh_below_5.26,pct_hh_below_5.88,pct_hh_below_6.47,pct_hh_below_7.06,pct_hh_below_7.70,pct_hh_below_8.40,pct_hh_below_9.13,pct_hh_below_9.87,pct_hh_below_10.70,pct_hh_below_11.62,pct_hh_below_12.69,pct_hh_below_14.03,pct_hh_below_15.64,pct_hh_below_17.76,pct_hh_below_20.99,pct_hh_below_27.37
400000,0.06429478287235886,0.11109520283855627,0.1545493659567379,0.20049827149249044,0.247208822425041,0.296918016661481,0.35068528416378025,0.407577261676822,0.4684908098316052,0.5273286486164392,0.5814047704020012,0.6363456109924801,0.6930492813176123,0.7441890612705236,0.8008014902829069,0.8474358034875589,0.8919493965677104,0.9305640802041634,0.9665336501285383
500000,0.053122609068589455,0.10087695637817984,0.14407124283359055,0.19294581627813462,0.24025396093716536,0.29548920723069333,0.3448884227527866,0.4022717623260271,0.4638087473522213,0.5238695119209709,0.5815752417209813,0.6401228362621468,0.6938641788763041,0.7498049618284356,0.8036248036101971,0.8498357222709009,0.893875905958953,0.9347471188744438,0.9704810571173444
600000,0.057686553463376006,0.10057413999055145,0.14204901566562506,0.18525496579973127,0.23325046971389574,0.2834548147267164,0.33398885028291386,0.3934849998324557,0.4565189586958543,0.5162312049547796,0.5763590671890272,0.634138477933476,0.6915696738739019,0.7451641945627874,0.8029920397594348,0.8507466987879706,0.8921388052347436,0.9338736105034682,0.967855894702911
